author	num_of_threads
460	2
A-E	37
ACLoMiK	2
ANPolter	9
Albus	1
Alexashko	2
Animasola	4
Balthazar	1
Caleb_Crow	2
Den4	3
Double	1
Dr. Boson	2
EnteR	1
Faddey	1
Fenix	5
FtW	1
Gogi	1
Gregg	2
IUSius	13
Juppy	90
Killer Tomatoes	1
Lyudmila	2
MEHANIK	5
Max M	5
Mexx	1
Muzzleman	4
Neuroscan	5
Nicephorus	2
Ouninpohja	1
PaYAlnik	27
Prof	4
SVKan	6
Simak793	1
Skeptik88	3
Slav-on	7
Spok	2
Topytop	1
VeterMir	8
Yurka	3
ZaRtin	1
adekcandr	2
amk	3
artemha	1
arymanuz	2
bemmer	1
berger11	6
bovplin	1
bsmbt	1
dianarws	2
egory6ko	1
esaulenka	2
fastback	4
filipok	2
freewind	2
gonshik	3
ilvo	5
jurok69	2
krogot88	5
kvarkicn	5
le-lexus	2
menand	1
mkuzmik	1
molotok	1
multig	5
oleg_leshee	1
panika	1
pavlinux	1
petrex	1
petru440	1
pixel8848	1
potato	1
pustota	2
raptor12321	1
samcherny	3
sc000	1
schizo	32
sergeivl	2
shapirus	30
skadi	16
skyrider	1
smol_	9
stronge	7
tene	1
tufoed	13
vadim-	16
velomanyak	1
vlad_11	2
vladimir000000	1
wonzen	1
yokep	12
yuniki	53
Бивис	1
Вадим Бегдаев	3
Димдимыч	8
Лепихов Михаил	2
Лёха Самолётов	2
Чингачгук	1
ШеВ	1
снежный мамонт	1
