460	0
A-E	3
ACLoMiK	63
ANPolter	3
Albus	0
Alexashko	3
Animasola	3
Balthazar	0
Caleb_Crow	3
Den4	3
Double	0
Dr. Boson	3
EnteR	3
Faddey	3
Fenix	3
FtW	0
Gogi	0
Gregg	3
IUSius	3
Juppy	179
Killer Tomatoes	0
Lyudmila	3
MEHANIK	3
Max M	0
Mexx	3
Muzzleman	3
Neuroscan	3
Nicephorus	3
Ouninpohja	3
PaYAlnik	3
Prof	3
SVKan	3
Simak793	63
Skeptik88	3
Slav-on	3
Spok	0
Topytop	0
VeterMir	3
Yurka	3
ZaRtin	3
adekcandr	0
amk	3
artemha	3
arymanuz	3
bemmer	0
berger11	3
bovplin	0
bsmbt	3
dianarws	3
egory6ko	0
esaulenka	3
fastback	3
filipok	3
freewind	3
gonshik	3
ilvo	0
jurok69	3
krogot88	3
kvarkicn	3
le-lexus	0
menand	1
mkuzmik	3
molotok	0
multig	3
oleg_leshee	0
panika	3
pavlinux	0
petrex	0
petru440	0
pixel8848	0
potato	3
pustota	0
raptor12321	3
samcherny	0
sc000	0
schizo	3
sergeivl	3
shapirus	3
skadi	3
skyrider	0
smol_	3
stronge	3
tene	0
tufoed	3
vadim-	3
velomanyak	0
vlad_11	3
vladimir000000	0
wonzen	3
yokep	3
yuniki	4
Бивис	0
Вадим Бегдаев	3
Димдимыч	3
Лепихов Михаил	3
Лёха Самолётов	3
Чингачгук	0
ШеВ	0
снежный мамонт	0
