1Otis1	0
Aleksis2	1
Alex Black	22
Alex Zender	0
Alex_man_xD	48
Alexhangman	22
Ardentis	0
Brendonpit	22
Butterscotch	1
Darct	0
Dark-Syberia	0
DarkVladislav	1
Dimmy	0
EHOT	1
Efim9	0
Evgenii857752	48
FleNdeR	0
Freemen	48
FrostmanX	1
Gnot	48
Hoop	23
LastName	0
Lesath	0
LinX	48
Marazm	1
MegaDist	0
Mikhail0s	20
NTN	1
NekoMan	48
NickOn	1
Pico	0
Shlyapa	352
SteelKnight	75
Terravill	357
Unearth	0
Unknown	0
VladimirRed	0
Vnuk1971	0
Wildelir	21
YDS	48
ZeiGan	0
Zodchy	21
_MIK_	26
abu	66
akl	48
alaken	77
andrei_kob	20
brut1	132
dementew	1
dreff	0
dsad67	124
dyuke	108
fr0stMan	30
gena2279	0
grindcorer	20
infusion	0
karamba1985	0
kinoman	57
kynep	1
manzana3000	30
planeta20	0
rpy6blu	0
serjANT	0
sterile_space	0
vasil	0
waitNbleed	0
zerstorer	0
zett	0
Алексей Ш	0
Даниил Андреев	0
Илья Братушкин	1
Илья Шин	48
Кролл	20
Наденька N	0
Полуакустик	20
Путеводитель	30
Руслан Биккинин	0
Эдуардо	0
ЯтЪ	0
