460	44
A-E	444
ACLoMiK	45
ANPolter	395
Albus	0
Alexashko	98
Animasola	98
Balthazar	0
Caleb_Crow	0
Den4	0
Double	0
Dr. Boson	89
EnteR	46
Faddey	56
Fenix	152
FtW	0
Gogi	0
Gregg	57
IUSius	153
Juppy	1631
Killer Tomatoes	0
Lyudmila	90
MEHANIK	98
Max M	0
Mexx	0
Muzzleman	98
Neuroscan	98
Nicephorus	140
Ouninpohja	0
PaYAlnik	225
Prof	173
SVKan	288
Simak793	44
Skeptik88	140
Slav-on	98
Spok	44
Topytop	0
VeterMir	103
Yurka	153
ZaRtin	0
adekcandr	0
amk	56
artemha	1
arymanuz	152
bemmer	0
berger11	98
bovplin	0
bsmbt	0
dianarws	44
egory6ko	0
esaulenka	89
fastback	98
filipok	56
freewind	98
gonshik	56
ilvo	0
jurok69	98
krogot88	57
kvarkicn	44
le-lexus	44
menand	0
mkuzmik	0
molotok	0
multig	98
oleg_leshee	44
panika	56
pavlinux	0
petrex	44
petru440	44
pixel8848	0
potato	44
pustota	0
raptor12321	56
samcherny	0
sc000	1
schizo	316
sergeivl	0
shapirus	741
skadi	237
skyrider	44
smol_	98
stronge	44
tene	45
tufoed	215
vadim-	98
velomanyak	1
vlad_11	98
vladimir000000	44
wonzen	0
yokep	316
yuniki	1089
Бивис	0
Вадим Бегдаев	141
Димдимыч	119
Лепихов Михаил	141
Лёха Самолётов	1
Чингачгук	0
ШеВ	0
снежный мамонт	44
